# ordered by earliest contribution

Trevor Norris <trev.norris@gmail.com>
Matthew Williams <m.williams@me.com>
Jeff Kowalczyk <jeff.kowalczyk@gmail.com>
Tushar Gupta <tushargupta51@gmail.com>
Gorbach Alexey <gorbach.alexey@gmail.com>
Florian Pons <florian.pons@gmail.com>
Pedro Faustino <pedrobandim@gmail.com>
Vytautas Jakutis <vytautas@jakut.is>
Richard D. Morey <richarddmorey@gmail.com>
Chris Rackauckas <chrisrackauckas@gmail.com>
Peter Pratscher <pratscher@gmail.com>